[{
    "code": "ICT10001",
    "desc": "Problem Solving with ICT",
    "cPoints": 12.5,
    "type": "core"
}, {
    "code": "COS10005",
    "desc": "Web Development",
    "cPoints": 12.5,
    "type": "core"
}, {
    "code": "INF10003",
    "desc": "Introduction to Business Information Systems",
    "cPoints": 12.5,
    "type": "core"
}, {
    "code": "INF10002",
    "desc": "Database Analysis and Design",
    "cPoints": 12.5,
    "type": "core"
}, {
    "code": "COS10009",
    "desc": "Introduction to programming",
    "cPoints": 12.5,
    "type": "core"
}, {
    "code": "INF30029",
    "desc": "Information Technology Project Management",
    "cPoints": 12.5,
    "type": "core"
}, {
    "code": "ICT30005",
    "desc": "Professional issues in information technology",
    "cPoints": 12.5,
    "type": "core"
}, {
    "code": "ICT30001",
    "desc": "Information Technology Project",
    "cPoints": 12.5,
    "type": "core"
}, {
    "code": "COS20001",
    "desc": "User-centered design",
    "cPoints": 12.5,
    "type": "Software Development"
}, {
    "code": "TNE10005",
    "desc": "Network Administration",
    "cPoints": 12.5,
    "type": "Software Development"
}, {
    "code": "COS20016",
    "desc": "Operating System Configuration",
    "cPoints": 12.5,
    "type": "Software Development"
}, {
    "code": "SWE20001",
    "desc": "Development Project 1 - Tools And Practices",
    "cPoints": 12.5,
    "type": "Software Development"
}, {
    "code": "COS20007",
    "desc": "Object Oriented Programming",
    "cPoints": 12.5,
    "type": "Software Development"
}, {
    "code": "COS30005",
    "desc": "IT Security",
    "cPoints": 12.5,
    "type": "Software Development"
}, {
    "code": "COS30043",
    "desc": "Interface Design and Development",
    "cPoints": 12.5,
    "type": "Software Development"
}, {
    "code": "COS30017",
    "desc": "Software Development for Mobile Devices",
    "cPoints": 12.5,
    "type": "Software Development"
}, {
    "code": "INF20012",
    "desc": "Enterprise Systems",
    "cPoints": 12.5,
    "type": "Systems Analysis"
}, {
    "code": "ACC10007",
    "desc": "Financial Information for Decision Making",
    "cPoints": 12.5,
    "type": "Systems Analysis"
}, {
    "code": "INF20003",
    "desc": "Requirements Analysis and Modelling",
    "cPoints": 12.5,
    "type": "Systems Analysis"
}, {
    "code": "ACC20014",
    "desc": "Management Decision Making",
    "cPoints": 12.5,
    "type": "Systems Analysis"
}, {
    "code": "INF30005",
    "desc": "Business Process Management",
    "cPoints": 12.5,
    "type": "Systems Analysis"
}, {
    "code": "INF30003",
    "desc": "Business Information Systems Analysis",
    "cPoints": 12.5,
    "type": "Systems Analysis"
}, {
    "code": "INF300020",
    "desc": "Information Systems Risk and Security",
    "cPoints": 12.5,
    "type": "Systems Analysis"
}, {
    "code": "INF30001",
    "desc": "Systems Acquisition & Implementation Management",
    "cPoints": 12.5,
    "type": "Systems Analysis"
}]
